人工智能导论,202320241150199000601,1-18周 星期三 11-12节 致理楼L1-306,1-17周(单) 星期三 13-14节 致腾楼318,"高灿"
工程导论,202320241280100000301,1-9周 星期四 9-10节 致理楼L2-107,"陈哲"
工程导论,202320241280100000302,1-9周 星期四 1-2节 致理楼L1-211,"陈哲"
工程导论,202320241280100000303,1-9周 星期三 11-12节 致理楼L2-105,"邬文慧"
工程导论,202320241280100000304,1-9周 星期三 9-10节 致理楼L2-105,"邬文慧"
工程导论,202320241280100000305,1-9周 星期三 9-10节 致理楼L3-304,"钟世达"
工程导论,202320241280100000306,1-9周 星期一 3-4节 致理楼L1-205,"钟世达"
城乡规划原理（1）,202320241100202000101,1-18周 星期三 7-8节 汇意楼C205,"陈方"
城乡规划原理（1）,202320241100202000102,1-18周 星期三 9-10节 汇意楼C205,"陈方"
模式识别,202320241190138000101,1-18周 星期三 1-2节 汇文楼H3-201,"潘彬彬"
现代通信原理,202320241160123000101,1-18周 星期三 3-5节 致理楼L2-112,"徐铭"
人工智能创新实践,202320241280100008201,9周 星期六 1-5节 致理楼L2-511,9周 星期六 7-10节 致理楼L2-511,10周 星期日 1-5节 致理楼L2-511,10周 星期日 7-10节 致理楼L2-511,"蒙山"
密码学与信息安全,202320241130339000101,1-18周 星期五 7-8节 致理楼L2-103,1-17周(单) 星期五 9-10节 汇紫楼D414,"张鹏"
随机信号处理,202320241130313000101,1-18周 星期二 9-10节 致理楼L2-412,"黄建军"
随机信号处理,202320241130313000102,1-18周 星期二 11-12节 致理楼L1-501,"陈新竹"
随机信号处理,202320241130313000103,1-18周 星期五 3-4节 致理楼L1-703,"彭长艳"
插画设计,202320241080199006101,1-18周 星期一 3-3节 致艺楼508,1-18周 星期一 4-5节 致艺楼508,"彭祎祎"
数据结构,202320241130245000101,2-18周(双) 星期三 7-8节 致信楼N607-1,1-18周 星期一 7-8节 致理楼L2-105,"周飞"
数据结构,202320241130245000102,1-18周 星期一 9-10节 致理楼L2-105,2-18周(双) 星期三 9-10节 致信楼N607-1,"周飞"
数据结构,202320241130245000103,1-18周 星期一 3-4节 致理楼L1-411,1-17周(单) 星期三 3-4节 致信楼N607-1,"石武祯"
数据结构,202320241130245000104,1-18周 星期一 7-8节 致理楼L1-411,1-17周(单) 星期三 7-8节 致信楼N607-1,"石武祯"
数据结构,202320241130245000105,1-18周 星期一 1-2节 致理楼L2-103,2-18周(双) 星期二 1-2节 致信楼N607-1,"蔡茂国"
数据结构,202320241130245000106,1-18周 星期一 3-4节 致理楼L2-103,1-17周(单) 星期二 1-2节 致信楼N607-1,"蔡茂国"
数据结构,202320241130245000107,1-18周 星期三 7-8节 致理楼L2-408,2-18周(双) 星期五 7-8节 致理楼L2-504,"马嫄"
数据结构,202320241130245000108,1-18周 星期三 3-4节 致理楼L2-408,2-18周(双) 星期五 9-10节 致理楼L2-511,"马嫄"
结构力学A（2）,202320241090170000201,1-18周 星期四 9-10节 致理楼L3-318,"黄振宇"
结构力学A（2）,202320241090170000202,1-18周 星期一 3-4节 致理楼L3-315,"陈贤川"
大学计算机,202320241130086001101,5-18周 星期四 7-8节 致理楼L2-404,5-18周 星期四 9-10节 致理楼L2-511,"聂伟"
大学计算机,202320241130086001102,5-18周 星期四 11-12节 致理楼L2-404,5-18周 星期四 13-14节 致理楼L2-511,"聂伟"
大学计算机,202320241130086001104,5-18周 星期三 1-2节 致理楼L2-403,5-18周 星期三 3-4节 致理楼L2-504,"周晓为"
大学计算机,202320241130086001105,5-18周 星期四 13-14节 致理楼L2-512,5-18周 星期四 11-12节 致理楼L2-407,"王可"
大学计算机,202320241130086001106,5-18周 星期五 9-10节 致理楼L2-504,5-18周 星期五 7-8节 致理楼L2-407,"王可"
大学计算机,202320241130086001107,5-18周 星期二 7-8节 致理楼L2-407,5-18周 星期二 9-10节 致理楼L2-512,"张坤华"
大学计算机,202320241130086001108,5-18周 星期三 1-2节 致理楼L2-407,5-18周 星期三 3-4节 致理楼L2-512,"张坤华"
大学计算机,202320241130086001109,5-18周 星期四 7-8节 致理楼L2-407,5-18周 星期四 9-10节 致理楼L2-512,"张坤华"
大学计算机,202320241130086001110,5-18周 星期三 1-2节 致理楼L2-405,5-18周 星期三 3-4节 致理楼L2-511,"冯波涛"
大学计算机,202320241130086001111,5-18周 星期二 7-8节 致理楼L2-405,5-18周 星期二 9-10节 致理楼L2-504,"宁肯"
大学计算机,202320241130086001112,5-18周 星期二 7-8节 致理楼L2-401,5-18周 星期二 9-10节 致理楼L2-504,"潘志铭"
大学计算机,202320241130086000901,5-18周 星期一 7-8节 汇文楼H-04,5-18周 星期一 9-10节 汇文楼H5-401,"潘浩源"
大学计算机,202320241130086000902,5-18周 星期四 1-2节 致理楼L2-411,5-18周 星期四 3-4节 致理楼L2-501,"张琦"
大学计算机,202320241130086000903,5-18周 星期一 7-8节 汇文楼H-02,5-18周 星期一 9-10节 汇文楼H5-401,"潘颖慧"
大学计算机,202320241130086000904,5-18周 星期二 7-8节 汇文楼H-04,5-18周 星期二 9-10节 汇文楼H5-401,"熊卫丹"
大学计算机,202320241130086000905,5-18周 星期二 7-8节 汇文楼H-06,5-18周 星期二 9-10节 汇文楼H5-401,"李秋富"
大学计算机,202320241130086000906,5-18周 星期一 7-8节 致理楼L2-411,5-18周 星期一 9-10节 致理楼L2-501,"朱泽轩"
大学计算机,202320241130086000907,5-18周 星期五 7-8节 致理楼L2-108,5-18周 星期五 9-10节 致理楼L2-501,"龙亚谦"
大学计算机,202320241130086000908,5-18周 星期四 9-10节 汇文楼H5-401,5-18周 星期四 7-8节 汇文楼H-02,"谢伍媛"
大学计算机,202320241130086000909,5-18周 星期五 7-8节 致理楼L2-411,5-18周 星期五 9-10节 致理楼L2-501,"文嘉俊"
大学计算机,202320241130086000910,5-18周 星期二 7-8节 致理楼L1-305,5-18周 星期二 9-10节 致理楼L2-501,"周虹"
大学计算机,202320241130086000911,5-18周 星期四 11-12节 致理楼L2-102,5-18周 星期四 13-14节 致理楼L2-501,"马晓亮"
大学计算机,202320241130086000912,5-18周 星期三 1-2节 致理楼L2-102,5-18周 星期三 3-4节 致理楼L2-501,"龙亚谦"
大学计算机,202320241130086000913,5-18周 星期三 1-2节 汇文楼H-04,5-18周 星期三 3-4节 汇文楼H5-401,"张书瑜"
大学计算机,202320241130086000914,5-18周 星期三 1-2节 汇文楼H-05,5-18周 星期三 3-4节 汇文楼H5-401,"刘凤"
大学计算机,202320241130086000915,5-18周 星期四 9-10节 汇文楼H5-401,5-18周 星期四 7-8节 汇文楼H-03,"张洋"
大学计算机,202320241130086000916,5-18周 星期三 7-8节 致理楼L2-411,5-18周 星期三 9-10节 致理楼L2-501,"林少聪"
大学计算机,202320241130086000918,5-18周 星期四 7-8节 致理楼L2-411,5-18周 星期四 9-10节 致理楼L2-501,"马晓亮"
大学计算机,202320241130086000919,5-18周 星期二 1-2节 致理楼L2-411,5-18周 星期二 3-4节 致理楼L2-501,"刘凤"
大学计算机,202320241130086000922,5-18周 星期二 7-8节 汇文楼H5-401,"黄强"
大学计算机,202320241130086000923,5-18周 星期五 1-2节 致理楼L2-501,"李俊杰"
大学计算机,202320241130086000924,5-18周 星期五 3-4节 致理楼L2-501,"李俊杰"
大学计算机,202320241130086000925,5-18周 星期四 7-8节 致理楼L2-501,"朱安民"
大学计算机,202320241130086000926,5-18周 星期四 9-10节 致理楼L2-501,"朱安民"
大学计算机,202320241130086000927,5-18周 星期四 3-4节 致理楼L2-501,5-18周 星期四 1-2节 致理楼L2-102,"谢伍媛"
大学计算机,202320241130086000949,5-18周 星期四 3-4节 致理楼L2-511,5-18周 星期四 1-2节 致理楼L3-318,"梁正平"
集成电路工艺原理,202320241160073000101,1-18周 星期一 7-9节 致理楼L2-405,"闫岩"
集成电路工艺原理,202320241160073000102,1-18周 星期三 7-9节 致理楼L1-402,"王定官"
数学实验,202320241190188010101,1-18周 星期一 7-8节 汇文楼H3-203,"鲁坚,潘欢,涂凯"
城市道路与交通,202320241100199003101,1-18周 星期三 1-2节 致理楼L3-409,"王京元"
面向对象系统分析与设计,202320241150025000101,1-18周 星期二 1-2节 致理楼L1-401,1-18周 星期二 3-4节 致腾楼322,"刘嘉祥"
面向对象系统分析与设计,202320241150025000102,1-18周 星期三 11-12节 致理楼L1-401,1-18周 星期三 13-14节 致腾楼327,"刘嘉祥"
英语基础语法,202320241070569000101,1-18周 星期二 11-12节 汇文楼H3-304,"詹桂添"
电子材料表征方法,202320241160228000101,1-18周 星期三 7-8节 致理楼L2-103,"李贺楠"
电子材料表征方法,202320241160228000102,1-18周 星期三 9-10节 致理楼L2-103,"李贺楠"
海报文化史,202320241080199005601,1-18周 星期五 9-10节 致艺楼204,"吴汶萱"
海报文化史,202320241080199005602,1-18周 星期五 11-12节 致艺楼204,"吴汶萱"
信号与系统,202320241280100001001,1-18周 星期五 3-5节 致理楼L2-104,"刘亚超"
信号与系统,202320241280100001002,1-18周 星期四 3-5节 致理楼L2-107,"靳若凡"
信号与系统,202320241280100001003,1-18周 星期三 3-5节 致理楼L2-107,"靳若凡"
信号与系统,202320241280100001004,1-18周 星期四 7-9节 致理楼L2-103,"靳若凡"
移动互联网,202320241130312000101,1-18周 星期一 1-2节 致理楼L3-308,"彭长艳"
运筹学,202320241190241000101,None,"李工农"
核工程核技术专业英语,202320241180299000101,1-18周 星期一 3-5节 致理楼L3-317,"RAMIERE AYMERIC MICHEL MAURICE"
核工程核技术专业英语,202320241180299000102,1-18周 星期四 7-9节 致理楼L3-311,"徐安琪"
人工智能课程实训,202320241150460000101,1-18周 星期四 7-10节 致腾楼326,"王旭"
概率论与复变函数,202320241160178000101,1-18周 星期五 7-9节 致理楼L1-201,"梁子贤"
工程制图,202320241110070000101,5-18周 星期五 7-10节 致理楼L1-202,"曹媛媛"
工程制图,202320241110070000102,5-18周 星期一 7-8节 致理楼L1-502,5-18周 星期二 3-4节 致理楼L1-502,"王超"
工程制图,202320241110070000103,5-18周 星期一 11-14节 致理楼L1-202,"赵春洋"
工程制图,202320241110070000104,5-18周 星期一 7-8节 致理楼L1-602,5-18周 星期三 3-4节 致理楼L1-602,"龚峰"
工程制图,202320241110070000105,5-18周 星期二 3-4节 致理楼L1-306,5-18周 星期四 1-2节 致理楼L1-306,"程蓉"
工程制图,202320241110070000106,5-18周 星期二 3-4节 致理楼L1-506,5-18周 星期三 3-4节 致理楼L1-506,"娄燕"
工程制图,202320241110070000107,5-18周 星期二 3-4节 致理楼L1-302,5-18周 星期四 7-8节 致理楼L1-302,"彭太江"
工程制图,202320241110070000108,5-18周 星期四 1-2节 致理楼L1-602,5-18周 星期五 7-8节 致理楼L1-602,"范雪"
线性代数,202320241190221000101,5-18周 星期三 1-2节 汇文楼H3-102,"张维强"
线性代数,202320241190221000111,5-18周 星期一 7-8节 汇文楼H3-104,"徐希"
单片机原理,202320241280100004401,1-18周 星期二 3-5节 致腾楼104,"叶文彬"
单片机原理,202320241280100004402,1-18周 星期一 7-9节 致信楼N411,"潘志铭"
C程序设计,202320241130005001002,5-18周 星期二 7-8节 致理楼L1-309,5-18周 星期四 7-8节 致理楼L2-504,"仇高新"
C程序设计,202320241130005001003,5-18周 星期三 1-2节 致理楼L1-211,5-18周 星期四 3-4节 致理楼L2-512,"丁金妃"
C程序设计,202320241130005001004,5-18周 星期三 3-4节 致理楼L1-211,5-18周 星期四 7-8节 致理楼L2-512,"丁金妃"
统计计算与软件,202320241190199001501,1-18周 星期四 3-5节 汇文楼H1-102,"林炳清"
数字电路,202320241130170000102,1-18周 星期三 11-13节 致理楼L1-406,2-18周(双) 星期四 7-8节 致信楼N102,"蔡良伟"
数字电路,202320241130170000103,1-18周 星期三 7-9节 致理楼L1-502,2-18周(双) 星期五 9-10节 致信楼N102,"刘静"
数字电路,202320241130170000104,1-18周 星期一 3-5节 致理楼L1-409,2-18周(双) 星期三 3-4节 致信楼N102,"王娜"
数字电路,202320241130170000105,2-18周(双) 星期五 7-8节 致信楼N102,1-18周 星期三 3-5节 致理楼L1-311,"王兰"
数字电路,202320241130170000106,1-18周 星期一 7-9节 致理楼L3-416,2-18周(双) 星期二 3-4节 致信楼N102,"张志朋"
数字电路,202320241130170000107,1-18周 星期二 3-5节 致理楼L2-403,2-18周(双) 星期四 1-2节 致信楼N102,"郭重涛"
数字电路,202320241130170000108,1-18周 星期一 7-9节 致理楼L3-309,2-18周(双) 星期二 1-2节 致信楼N102,"周小安"
地理信息系统,202320241090044000101,1-18周 星期一 3-4节 致理楼L2-511,"罗享寰"
单片机与嵌入式系统,202320241160022000201,1-18周 星期一 3-4节 致信楼N411,1-18周 星期一 5-5节 致信楼N411,"潘志铭"
单片机与嵌入式系统,202320241160022000202,1-18周 星期二 3-4节 致信楼N411,1-18周 星期二 5-5节 致信楼N411,"刘喜瑶"
日本社会与文化（1）,202320241070199011901,1-18周 星期五 7-8节 汇文楼H3-201,"连兴槟"
数字电子技术,202320241160101000101,1-18周 星期四 3-5节 致理楼L1-302,"孙宇祥"
数字电子技术,202320241160101000102,1-18周 星期四 7-9节 致理楼L1-206,"孙宇祥"
数字电子技术,202320241160101000103,1-18周 星期四 2-4节 致理楼L2-105,"曹文华"
数字电子技术,202320241160101000104,1-18周 星期一 2-4节 致理楼L2-105,"曹文华"
中国画论,202320241121942000101,1-18周 星期四 11-12节 汇德楼B411,"云雪梅"
城市色彩景观,202320241100466000101,1-9周 星期二 7-8节 汇文楼H5-301,"边文娟"
常微分方程,202320241190015000101,None,"陶强"
知识论,202320241011176000101,1-18周 星期三 1-2节 汇文楼H3-204,"陈星群"
专业导论,202320241110536000101,6-14周 星期四 9-10节 致理楼L1-207,"白小山,徐钧国"
专业导论,202320241110536000102,6-14周 星期一 9-10节 致理楼L1-207,"潘剑飞,陈张伟"
专业导论,202320241110536000103,6-14周 星期一 9-10节 致理楼L1-307,"吴宗泽,徐钧国"
专业导论,202320241110536000104,6-14周 星期一 7-8节 致理楼L1-207,"吴宗泽,陈张伟"
数学分析（3）,202320241190199008301,1-18周 星期一 3-5节 致理楼L1-407,1-18周 星期三 1-2节 致理楼L1-407,"胡鹏彦"
数学分析（3）,202320241190199008302,1-18周 星期一 3-5节 致理楼L1-701,1-18周 星期三 1-2节 致理楼L1-701,"刘强"
数学分析（3）,202320241190199008303,1-18周 星期一 3-5节 致理楼L1-507,1-18周 星期三 1-2节 致理楼L1-507,"肖维"
中外广告史,202320241080077000101,1-18周 星期三 7-8节 致艺楼203,"李新立"
中外广告史,202320241080077000102,1-18周 星期三 9-10节 致艺楼203,"李新立"
城市交通系统,202320241100319000101,1-12周 星期二 3-5节 汇紫楼D314,"黄正东"
佛教史,202320241010091000101,1-18周 星期二 9-10节 汇文楼H3-304,"李曈"
自然地理,202320241100251000101,1-18周 星期四 7-8节 汇文楼H3-506,"刘钊启"
可视化计算语言,202320241130109000301,2-18周(双) 星期三 7-8节 致信楼N413,1-17周(单) 星期三 7-8节 致理楼L1-203,"张坤华"
可视化计算语言,202320241130109000302,2-18周(双) 星期四 3-4节 致信楼N413,1-17周(单) 星期四 3-4节 致理楼L1-601,"苏恭超"
材料力学,202320241090367000103,1-18周 星期二 7-8节 致理楼L3-318,1-18周 星期五 7-8节 致理楼L3-318,"杨向龙"
材料力学,202320241090367000104,1-18周 星期二 1-2节 致理楼L3-418,1-18周 星期四 1-2节 致理楼L3-418,"王耀城"
偏微分方程,202320241190292000201,1-18周 星期二 3-5节 汇文楼H2-202,"董柏青"
算法设计与分析,202320241190199000701,1-18周 星期二 3-5节 汇文楼H3-201,"王冉"
科技德语,202320241071034000101,1-18周 星期二 1-2节 汇德楼A503,"郭瀚"
交通CAD,202320241090263000101,1-18周 星期二 3-4节 致理楼L2-512,"朱家松"
半导体器件原理,202320241160222000101,1-18周 星期二 3-5节 致理楼L2-407,"张猛"
半导体器件原理,202320241160222000102,1-18周 星期四 3-5节 致理楼L2-405,"翟永彪"
半导体封装材料和封装技术,202320241280100008001,1-18周 星期三 3-5节 致理楼L1-306,"HUANG SHUANGWU"
半导体封装材料和封装技术,202320241280100008002,1-18周 星期二 3-5节 致理楼L2-401,"张齐艳"
电子通信专业英语,202320241130042000101,1-18周 星期四 11-12节 致理楼L3-308,"陈哲"
电子通信专业英语,202320241130042000102,1-18周 星期四 7-8节 致理楼L1-503,"陈哲"
消费者行为学,202320241080186000201,1-18周 星期一 3-4节 致理楼L1-201,"林嘉玲"
消费者行为学,202320241080186000202,1-18周 星期二 9-10节 致理楼L1-103,"林嘉玲"
现代程序设计,202320241280100003601,1-18周 星期五 7-9节 致信楼N607-1,"李昊东"
现代程序设计,202320241280100003602,1-18周 星期一 3-5节 致信楼N607-1,"邹文斌"
现代程序设计,202320241280100003603,1-18周 星期一 7-9节 致信楼N607-1,"邬文慧,龚元浩"
现代程序设计,202320241280100003604,1-18周 星期四 3-5节 致信楼N607-1,"邬文慧,龚元浩"
日语（1）（二外）,202320241070034000202,1-18周 星期一 7-8节 汇文楼H1-301,1-18周 星期三 7-8节 汇文楼H1-301,"张梅"
机器学习及其应用,202320241270100006301,None,"None"
模拟电路,202320241130117000101,1-18周 星期二 3-5节 致理楼L1-311,2-18周(双) 星期三 9-10节 致信楼N102,"张晓"
模拟电路,202320241130117000102,1-17周(单) 星期三 7-8节 致理楼L1-509,1-18周 星期一 7-8节 致理楼L1-509,2-18周(双) 星期三 7-8节 致信楼N102,"吴迪"
模拟电路,202320241130117000103,1-18周 星期一 1-2节 致理楼L1-509,2-18周(双) 星期四 9-10节 致信楼N102,1-17周(单) 星期四 9-10节 致理楼L1-509,"吴迪"
模拟电路,202320241130117000104,1-18周 星期一 3-4节 致理楼L1-511,2-18周(双) 星期四 7-8节 致理楼L1-609,1-17周(单) 星期四 7-8节 致信楼N102,"罗雪晖"
模拟电路,202320241130117000105,1-18周 星期三 3-4节 致理楼L1-609,1-17周(单) 星期五 1-2节 致信楼N102,2-18周(双) 星期五 1-2节 致理楼L1-609,"张金凤"
模拟电路,202320241130117000106,1-18周 星期一 9-10节 致理楼L1-511,2-18周(双) 星期四 9-10节 致理楼L1-511,1-17周(单) 星期四 9-10节 致信楼N102,"罗雪晖"
模拟电路,202320241130117000107,1-18周 星期三 7-8节 致理楼L1-609,1-17周(单) 星期五 7-8节 致信楼N102,2-18周(双) 星期五 7-8节 致理楼L1-609,"张金凤"
模拟电路,202320241130117000108,1-17周(单) 星期三 3-4节 致信楼N102,1-18周 星期一 7-9节 致理楼L1-503,"谢宁"
数据结构与算法,202320241160175000101,1-18周 星期一 7-9节 致理楼L2-103,"蔡茂国"
数据结构与算法,202320241160175000102,1-18周 星期二 3-5节 致理楼L2-103,"蔡茂国"
城市经济学,202320241100020000101,1-18周 星期一 7-8节 汇文楼H5-101,"陈宇"
土木工程材料,202320241090210000101,1-18周 星期四 7-8节 致理楼L3-305,2-18周(双) 星期四 9-10节 ,"孙红芳"
土木工程材料,202320241090210000102,1-18周 星期二 7-8节 致理楼L3-311,1-17周(单) 星期二 9-10节 ,"王琰帅"
土木工程材料,202320241090210000103,1-18周 星期五 7-8节 致理楼L3-311,2-18周(双) 星期五 9-10节 ,"孙红芳"
土木工程材料,202320241090210000104,1-18周 星期五 7-8节 致理楼L3-518,1-17周(单) 星期五 9-10节 ,"刘伟"
土木工程材料,202320241090210000105,1-18周 星期四 7-8节 致理楼L3-303,1-17周(单) 星期四 9-10节 ,"刘伟"
现代通信原理,202320241130209000101,1-18周 星期二 3-4节 致理楼L3-416,2-18周(双) 星期四 3-4节 致信楼N508,1-17周(单) 星期四 3-4节 致理楼L3-416,"李晓滨"
现代通信原理,202320241130209000102,1-18周 星期二 7-8节 致理楼L3-416,2-18周(双) 星期四 7-8节 致信楼N508,1-17周(单) 星期四 7-8节 致理楼L3-416,"李晓滨"
现代通信原理,202320241130209000103,1-18周 星期二 7-9节 致理楼L2-105,2-18周(双) 星期三 9-10节 致信楼N508,"张志朋"
现代通信原理,202320241130209000104,1-18周 星期二 7-9节 致理楼L2-107,2-18周(双) 星期五 1-2节 致信楼N508,"顾一帆"
概率论与数理统计,202320241170003000101,1-18周 星期二 7-9节 致理楼L1-208,"杨明,王吉浦"
概率论与数理统计,202320241170003000102,1-18周 星期四 3-5节 致理楼L1-311,"杨明,王吉浦"
绿色建筑材料,202320241090185000101,1-18周 星期三 9-10节 致理楼L1-309,"董必钦,张媛媛"
复变函数,202320241190199000301,1-18周 星期四 7-8节 汇文楼H3-302,1-17周(单) 星期五 7-8节 汇文楼H3-302,"王跃飞,周丹"
复变函数,202320241190199000302,1-18周 星期四 7-9节 致理楼L1-405,"黎泉荣"
复变函数,202320241190199000303,1-18周 星期二 3-5节 致理楼L3-306,"高强"
电磁场与电磁波,202320241160027000101,1-18周 星期二 3-5节 致理楼L2-104,"吴克迪"
电磁场与电磁波,202320241160027000102,1-18周 星期二 3-5节 致理楼L2-105,"吴迪"
电磁场与电磁波,202320241160027000103,1-18周 星期一 3-5节 致理楼L2-412,"葛磊"
复变函数与场论,202320241130253000201,1-18周 星期一 3-5节 致理楼L1-506,"初萍"
复变函数与场论,202320241130253000202,1-18周 星期二 3-5节 致理楼L1-702,"初萍"
复变函数与场论,202320241130253000203,1-18周 星期二 3-5节 致理楼L1-409,"王娜"
复变函数与场论,202320241130253000204,1-18周 星期五 7-9节 致理楼L1-306,"欧阳乐"
复变函数与场论,202320241130253000205,1-18周 星期四 3-5节 致理楼L3-315,"徐铭"
复变函数与场论,202320241130253000206,1-18周 星期四 7-9节 致理楼L3-515,"徐铭"
复变函数与场论,202320241130253000207,1-18周 星期四 3-5节 致理楼L1-606,"王兰"
时间序列分析,202320241190371000101,1-18周 星期二 7-8节 汇文楼H-07,"温松桥"
交通调查与数据统计分析,202320241090288000101,1-18周 星期一 7-8节 致理楼L3-311,"莫一魁"
《周易》导读,202320241010656000101,1-18周 星期二 9-10节 汇文楼H5-104,"问永宁"
GIS网络开发,202320241100318000101,1-18周 星期三 3-5节 汇意楼B102,"夏吉喆"
结构设计通论II,202320241090197001901,1-18周 星期三 3-5节 致理楼L3-301,"陈贤川"
城市信息技术前沿,202320241100473000101,1-9周 星期四 9-10节 汇文楼H5-301,"乐阳"
量子力学,202320241160089000101,1-18周 星期四 3-5节 致理楼L3-104,"孙磊"
量子力学,202320241160089000102,1-18周 星期五 7-9节 致理楼L3-104,"孙磊"
数字孪生导论,202320241110198005201,1-18周 星期二 1-2节 致信楼S302,"丁玉辉"
电动力学,202320241180360000101,1-18周 星期一 7-8节 致理楼L1-709,2-18周(双) 星期三 1-2节 致理楼L1-709,"高艳霞"
电动力学,202320241180360000102,1-18周 星期一 9-10节 致理楼L1-709,2-18周(双) 星期三 3-4节 致理楼L1-709,"高艳霞"
西班牙语报刊选读（1）,202320241070199011301,1-18周 星期一 7-8节 汇文楼H3-204,"PILAR LLADA CIENFUEGOS"
中小学数学教师应聘技巧,202320241190314000101,1-4周 星期一 11-12节 汇文楼H2-301,1-4周 星期三 11-12节 汇文楼H2-301,"罗建坤"
尼采思想研究,202320241010699000101,1-18周 星期一 11-12节 汇文楼H3-301,"杨茂明"
数学教育心理学,202320241190199007901,1-18周 星期二 9-10节 汇文楼H2-201,"傅赢芳"
物理微格教学法,202320241180280000201,1-18周 星期二 11-12节 ,"余陨金"
硬件描述语言与逻辑综合,202320241160208000101,1-18周 星期五 7-8节 致腾楼104,1-18周 星期五 9-9节 致腾楼104,"刘春平"
硬件描述语言与逻辑综合,202320241160208000102,1-18周 星期五 3-4节 致腾楼104,1-18周 星期五 5-5节 致腾楼104,"刘春平"
数据结构与算法,202320241190199003201,None,"王保华"
数据结构与算法,202320241190199003203,1-18周 星期五 7-8节 汇文楼H6-104,1-18周 星期五 3-5节 汇文楼H1-102,"郑海虹"
思辨与写作,202320241100357000101,5-13周 星期三 1-2节 汇文楼H5-101,"乐阳"
微分几何,202320241190256000101,1-18周 星期三 7-9节 汇文楼H2-504,"尹乐"
工程地质,202320241090113000101,1-18周 星期二 9-10节 致理楼L3-318,"姬凤玲"
工程地质,202320241090113000102,1-18周 星期二 11-12节 致理楼L3-317,"姬凤玲"
工程地质,202320241090113000103,1-18周 星期二 7-8节 致理楼L3-317,"姬凤玲"
工程地质,202320241090113000104,1-18周 星期四 9-10节 致理楼L1-302,"李存宝,龙西亭"
国际金融,202320241190555000101,1-18周 星期三 3-5节 汇文楼H2-202,"王英男"
社会批判理论入门,202320241010701000101,1-18周 星期四 11-12节 汇文楼H3-202,"李泳梅"
贝叶斯统计,202320241190328000101,1-18周 星期二 3-5节 汇文楼H2-301,"周彦"
日语基础语法（1）,202320241070199012601,1-18周 星期一 7-8节 汇文楼H2-404,"董芸"
马克思主义中国化时代化进程与青年学生使命担当,202320241500199001101,1-9周 星期三 11-12节 致理楼L1-103,"林娜"
基础工程,202320241090112000101,1-18周 星期二 9-10节 致理楼L3-303,"熊昊,包小华"
基础工程,202320241090112000102,1-18周 星期三 7-8节 致理楼L3-303,"郭峻"
基础工程,202320241090112000103,1-18周 星期二 7-8节 致理楼L3-418,"洪成雨"
基础工程,202320241090112000104,1-18周 星期二 9-10节 致理楼L3-403,"洪成雨"
混凝土与砌体结构设计,202320241090261000101,1-18周 星期四 6-8节 致理楼L3-318,"隋莉莉,黄振宇"
混凝土与砌体结构设计,202320241090261000102,1-18周 星期五 6-8节 致理楼L3-418,"龙旭"
混凝土与砌体结构设计,202320241090261000103,1-18周 星期二 3-5节 致理楼L3-318,"袁方"
区域规划原理,202320241100211000101,1-9周 星期五 7-8节 汇文楼H5-104,"陈宏胜"
半导体物理与器件,202320241180011000101,1-18周 星期二 3-5节 致理楼L1-602,"叶凡"
数值分析,202320241190204000101,None,"李敏"
数值分析,202320241190204000102,1-18周 星期五 3-5节 致理楼L1-501,"李敏"
数值分析,202320241190204000103,1-18周 星期三 3-5节 汇文楼H2-203,"王卫卫"
数值分析,202320241190204000104,1-18周 星期三 11-13节 汇文楼H2-203,"王卫卫"
植物种植设计,202320241100306000101,1-18周 星期三 7-8节 汇文楼H3-506,"王春晓,孙乔昀"
总图与场地设计导论,202320241100205000101,1-9周 星期四 7-8节 汇意楼C304,"赵勇伟"
核反应堆热工分析,202320241180272000201,1-18周 星期二 3-4节 致理楼L3-701,1-18周 星期四 3-4节 致理楼L3-701,"李永春"
公共建筑设计原理,202320241100224000101,1-9周 星期二 7-8节 汇文楼H-02,"齐奕"
模拟电子技术,202320241160090000201,4-7周,12-16周 星期四 7-10节 致腾楼108,1-18周 星期一 3-5节 致理楼L2-104,"王梦遥"
模拟电子技术,202320241160090000202,4-7周,12-16周 星期四 2-5节 致腾楼108,1-18周 星期三 3-5节 致理楼L2-103,"姜梅"
园林工程与管理,202320241100241000101,1-18周 星期三 3-4节 汇文楼H3-505,"孙乔昀"
地籍与不动产评估,202320241100320000101,1-18周 星期一 11-12节 汇文楼H2-204,"刘颖,耿继进"
概率论与数理统计,202320241190199008901,None,"魏正红"
微机原理及应用,202320241180177000201,1-18周 星期四 11-12节 致理楼L1-207,2-18周(双) 星期四 13-14节 ,"李雄军"
微机原理及应用,202320241180177000202,2-18周(双) 星期一 13-14节 ,1-18周 星期一 11-12节 致理楼L1-405,"李航"
数学教学论,202320241190199008001,1-18周 星期二 3-4节 汇文楼H1-203,"李鹏"
模拟电子技术理论,202320241280100009601,1-18周 星期二 3-5节 致理楼L2-405,"王梦遥"
模拟电子技术理论,202320241280100009602,1-18周 星期三 3-5节 致理楼L2-405,"王梦遥"
西班牙语语言学导论,202320241071042000101,1-18周 星期三 7-8节 汇文楼H1-105,"马丽亚"
数理逻辑,202320241010700000101,1-18周 星期四 9-10节 汇文楼H2-202,"胡浩"
导航与定位技术,202320241100266000101,1-18周 星期二 7-8节 汇文楼H5-101,"张星"
纳米电子学,202320241160094000101,1-18周 星期一 7-8节 致理楼L3-316,"吕子玉"
城乡规划原理,202320241100199001001,1-18周 星期三 7-8节 汇文楼H1-201,"邵亦文"
高级北向应用开发,202320241190199007501,1-18周 星期二 11-12节 汇紫楼A101,"王保华"
高级南向设备开发,202320241190199007701,1-18周 星期二 1-2节 汇文楼H6-104,"郑海虹"
高等代数（1）,202320241190048000102,5-18周 星期二 3-4节 汇文楼H3-103,5-18周 星期四 7-8节 汇文楼H3-103,"陈文胜"
高等代数（1）,202320241190048000103,5-18周 星期二 3-4节 汇文楼H3-104,5-18周 星期四 7-8节 汇文楼H3-104,"李楠"
程序设计与算法语言,202320241190199000901,1-9周 星期一 7-8节 汇文楼H1-103,1-9周 星期二 3-4节 汇文楼H1-103,1-9周 星期二 7-8节 汇文楼H6-104,1-9周 星期四 3-4节 汇文楼H1-103,1-9周 星期四 7-8节 汇文楼H6-104,"王保华"
点集拓扑,202320241190027000101,1-18周 星期一 7-8节 汇文楼H3-302,1-18周 星期五 3-4节 汇文楼H3-302,"余晓辉"
广告摄影,202320241080199004401,1-18周 星期四 2-3节 致艺楼204,1-18周 星期四 4-4节 致艺楼204,"杨莉莉"
广告摄影,202320241080199004402,1-18周 星期四 6-7节 致艺楼204,1-18周 星期四 8-8节 致艺楼204,"杨莉莉"
中外建筑史,202320241100201000101,1-18周 星期三 3-4节 汇文楼H5-203,"罗薇"
解析几何,202320241190199001302,5-18周 星期四 3-5节 汇文楼H3-201,"汤建良"
解析几何,202320241190199001303,5-18周 星期四 3-5节 汇文楼H3-104,"孙晓丽"
MEMS技术,202320241160201000101,1-18周 星期一 3-4节 致理楼L3-304,"汪万林"
日语（3）（二外）,202320241070037000101,1-18周 星期一 9-10节 汇文楼H1-203,1-18周 星期三 9-10节 汇文楼H1-203,"张艳辉"
会计学原理,202320241190100000101,1-18周 星期四 3-5节 汇文楼H2-201,"杨凌"
宋词鉴赏,202320241010252000101,1-18周 星期三 9-10节 汇文楼H1-101,"刘尊明"
建筑力学,202320241100051000201,1-18周 星期四 6-8节 致理楼L1-205,"龙旭"
模拟电子技术实验,202320241280100009402,4-7周,12-16周 星期三 7-10节 致腾楼108,"杜戈果,刘喜瑶"
复变函数与积分变换,202320241190397000101,1-18周 星期四 3-5节 致理楼L3-313,"陈思娟"
景观生态学,202320241100199002401,1-9周 星期五 7-8节 汇文楼H3-505,"黄邓楷"
机器学习,202320241130344000102,1-18周 星期一 3-4节 致理楼L2-409,2-18周(双) 星期二 3-4节 致信楼N412,"王朔遥"
交通设计,202320241090265000101,1-18周 星期二 1-2节 致理楼L3-303,"王京元"
文学艺术中的希腊罗马神话,202320241070694000101,1-18周 星期五 7-8节 汇德楼A409,"徐忠香"
文学艺术中的希腊罗马神话,202320241070694000102,1-18周 星期五 9-10节 汇德楼A409,"徐忠香"
电子科技专业综合实验,202320241280100000501,3-14周 星期一 3-5节 致腾楼104,"舒国响,黄海明"
电子科技专业综合实验,202320241280100000502,3-14周 星期一 7-9节 致腾楼104,"舒国响,黄海明"
名建筑师与名作,202320241100101000101,1-18周 星期二 11-12节 汇意楼C205,"言语"
通信原理,202320241130186000201,1-18周 星期三 7-8节 致理楼L2-112,"徐铭"
通信原理,202320241130186000202,1-18周 星期四 9-10节 致理楼L2-112,"何春龙"
房屋建筑学,202320241090053000101,1-18周 星期三 7-8节 致理楼L3-313,"胡彪"
房屋建筑学,202320241090053000102,1-18周 星期三 9-10节 致理楼L3-313,"胡彪"
房屋建筑学,202320241090053000105,1-18周 星期三 7-8节 致理楼L1-309,"黄晓旭"
数学分析选讲,202320241190199008801,1-18周 星期二 3-4节 汇文楼H3-203,"丰建文"
数学分析选讲,202320241190199008802,1-18周 星期二 11-12节 汇文楼H3-201,"周泽"
普通物理专题,2023202411800090001,1-18周 星期三 3-4节 致理楼L1-409,1-18周 星期五 1-2节 致理楼L1-403,"魏松瑞"
教师综合素质,202320241122038000101,1-18周 星期一 7-8节 汇德楼A405,"叶文梓"
中外城市建设史,202320241100123000101,1-18周 星期二 7-8节 汇文楼H5-104,"张艳"
数字信号处理,202320241130340000103,2-18周(双) 星期三 7-8节 致信楼N412,1-18周 星期一 3-5节 致理楼L2-403,"肖宇航"
钢结构设计原理,202320241090059000101,1-18周 星期三 3-5节 致理楼L3-308,"朱继华"
钢结构设计原理,202320241090059000102,1-18周 星期五 6-8节 致理楼L3-308,"周晓青"
古琴初级,202320241011184000101,1-18周 星期五 3-4节 汇文楼H5-010,1-18周 星期五 5-5节 汇文楼H5-010,"马骁"
园林生态学,202320241100240000101,1-12周 星期一 6-8节 汇意楼C201,"刘瑞雪,王庆"
机电一体化系统设计,202320241110103000102,1-18周 星期一 11-14节 致信楼S302,"金增辉"
新城市科学,202320241100199001301,10-18周 星期一 9-10节 汇文楼H4-101,"郭仁忠,马丁"
回归分析,202320241190199000801,1-18周 星期一 3-4节 汇文楼H2-202,"温松桥"
环境心理学,202320241100033000101,1-18周 星期一 7-8节 汇文楼H-05,"张玲"
金融数学,202320241190119000101,1-18周 星期三 7-9节 汇文楼H2-401,"蒋春福"
大学物理实验,202320241180041000105,1-18周 星期三 11-13节 ,"None"
大学物理实验,202320241180041000106,1-18周 星期三 11-13节 ,"None"
多元统计分析,202320241190030000101,1-18周 星期一 1-2节 汇文楼H2-202,"杨凌"
力学与热学（1）,202320241180129000201,5-18周 星期四 3-5节 致理楼L3-311,"王楠"
高等数学C（1）,202320241190069000113,5-18周 星期三 3-4节 汇文楼H-03,5-18周 星期五 1-2节 汇文楼H-03,"吴向平"
高等数学C（1）,202320241190069000114,5-18周 星期三 1-2节 汇文楼H-03,5-18周 星期五 3-4节 汇文楼H-03,"吴向平"
高等数学C（1）,202320241190069000115,5-18周 星期三 1-2节 汇文楼H-01,5-18周 星期五 3-4节 汇文楼H-01,"谢婉雯"
工程数学（线代+概率）,202320241190090000101,1-18周 星期二 3-5节 致理楼L1-403,"张维强"
工程数学（线代+概率）,202320241190090000102,1-18周 星期四 3-5节 致理楼L1-403,"张维强"
前沿技术讲座,202320241280100003701,13-18周 星期一 11-13节 致理楼L3-104,"黄海明,李晓鹏"
销售管理,202320241080187000101,1-18周 星期四 11-12节 致艺楼203,"陈丽娜"
销售管理,202320241080187000102,1-18周 星期四 13-14节 致艺楼203,"陈丽娜"
城乡规划管理与法规,202320241100208000101,1-18周 星期二 7-8节 汇文楼H5-203,"杨晓春"
数学分析（1）,202320241190199008602,5-18周 星期一 9-10节 汇文楼H3-104,5-18周 星期二 1-2节 汇文楼H3-104,5-18周 星期四 1-2节 汇文楼H3-104,"顾燕红"
数学分析（1）,202320241190199008603,5-18周 星期二 1-2节 汇文楼H3-201,5-18周 星期四 1-2节 汇文楼H3-201,5-18周 星期一 9-10节 汇文楼H3-201,"孙宗良"
建筑摄影,202320241100082000101,8-16周 星期五 11-14节 汇意楼C205,"金珊"
地理信息系统原理,202320241100358000101,1-18周 星期一 6-8节 致理楼L2-512,"李晓明"
微电子科学与工程专业综合实验,202320241160170000201,1-18周 星期三 3-5节 致腾楼104,"黎冰"
微电子科学与工程专业综合实验,202320241160170000202,1-18周 星期三 7-9节 致腾楼104,"黎冰"
智能制造认知与实践,202320241270100006501,None,"闫少华"
汉语字词及教学,202320241120198018801,1-18周 星期二 1-2节 汇德楼A305,"王丽彩"
西班牙社会与文化,202320241070199016501,1-18周 星期四 7-8节 汇文楼H3-301,"PILAR LLADA CIENFUEGOS"
辐射防护,202320241180247000101,1-18周 星期三 1-2节 致理楼L3-518,"刘国卿"
城乡规划专业写作,202320241100213000101,1-9周 星期三 9-10节 汇文楼H2-304,"高文秀"
初等数论,202320241190338000101,1-18周 星期四 3-5节 汇文楼H2-202,"王英男"
传热学,202320241180289000101,1-18周 星期一 3-4节 致理楼L3-313,1-18周 星期三 3-4节 致理楼L3-313,"董晓朦"
分析哲学,202320241010546000101,1-18周 星期三 11-12节 汇文楼H3-304,"郑宇健"
数据结构与算法,202320241100343000101,1-18周 星期四 1-4节 汇文楼H5-401,"贺彪"
政治哲学研究,202320241010783000101,1-18周 星期一 11-12节 汇文楼H2-303,"张以明"
西班牙文学选读,202320241071096000101,1-18周 星期三 7-8节 汇文楼H5-102,"PILAR LLADA CIENFUEGOS"
城市地理学,202320241100210000101,1-18周 星期四 9-10节 汇文楼H1-102,"陈义勇"
德语（1）（二外）,202320241070022000203,1-18周 星期二 7-8节 汇文楼H2-404,1-18周 星期四 7-8节 汇文楼H2-404,"临时1"
商务德语,202320241071031000101,1-18周 星期二 3-4节 汇德楼A513,"MALGORZATA ALEKSANDRA TYMCZYN"
综合西班牙语（3）,202320241071107000101,1-18周 星期二 3-4节 汇文楼H2-404,1-18周 星期四 1-2节 汇文楼H2-404,1-18周 星期五 3-4节 汇文楼H2-404,"张琳"
建筑物理,202320241100086000201,1-18周 星期一 1-4节 汇文楼H-01,"崔冬瑾,唐海达,衡涛,李春莹"
光学,202320241180092000101,1-18周 星期二 6-8节 致理楼L2-104,"胡居广"
光学,202320241180092000102,1-18周 星期五 3-5节 致理楼L3-312,"贺廷超"
德语新闻视听,202320241071092000101,1-18周 星期四 3-4节 汇德楼A503,"MALGORZATA ALEKSANDRA TYMCZYN"
射频识别原理与应用,202320241160218000101,1-18周 星期一 3-3节 致理楼L2-107,1-18周 星期一 4-5节 致理楼L2-107,"郭庆毅"
射频识别原理与应用,202320241160218000102,1-18周 星期一 7-7节 致理楼L2-104,1-18周 星期一 8-9节 致理楼L2-104,"任雪"
品牌整合设计,202320241080237000201,1-18周 星期二 6-6节 致艺楼508,1-18周 星期二 7-8节 致艺楼508,"彭祎祎"
集合论入门,202320241010784000101,1-18周 星期三 7-8节 汇文楼H2-402,"陈星群"
建筑材料与构造,202320241100042000201,1-18周 星期五 6-8节 汇文楼H5-101,"赵阳"
电子工艺实习,202320241280100001301,9-18周 星期三 7-9节 致腾楼109,1-8周 星期三 7-9节 致腾楼102,"贺威"
电子工艺实习,202320241280100001302,9-18周 星期三 3-5节 致腾楼109,1-8周 星期三 3-5节 致腾楼102,"贺威"
电子工艺实习,202320241280100001401,5-16周 星期四 7-9节 致腾楼109,"陈晶"
离散数学,202320241190199002201,1-18周 星期二 3-5节 致理楼L1-503,"陈琳"
离散数学,202320241190199002202,1-18周 星期五 3-5节 致理楼L1-503,"陈琳"
旅游文化德语,202320241070199005801,1-18周 星期一 9-10节 汇德楼A502,"郭瀚"
德语教学法,202320241071094000101,1-18周 星期一 3-4节 汇德楼A504,"MALGORZATA ALEKSANDRA TYMCZYN"
心灵哲学导论,202320241010645000101,1-18周 星期二 9-10节 汇文楼H2-205,"李䶮"
财经新闻,202320241080199002702,1-18周 星期三 9-10节 致艺楼301,"茅知非,陈显玲"
高等代数选讲,202320241190199008701,1-18周 星期二 1-2节 汇文楼H2-201,"黄泽军"
地球与行星系统科学,202320241640102003301,1-18周 星期二 11-12节 致理楼L3-401,"朱平"
数字集成电路设计,202320241160189000101,1-18周 星期四 7-9节 致理楼L1-407,"史伟伟"
激光原理,202320241160070000101,2-16周(双) 星期四 9-10节 致理楼L2-105,"杜戈果"
激光原理,202320241160070000102,2-16周(双) 星期四 11-12节 致理楼L2-105,"杜戈果"
区块链技术与应用,202320241150448000101,1-18周 星期二 11-12节 致理楼L2-409,"陈剑勇"
哲学文献,202320241010660000101,1-18周 星期三 9-10节 汇文楼H2-201,"李辰"
交通管理与控制,202320241090029000201,1-18周 星期一 3-4节 致理楼L3-303,"李林超"
Web开发及人机交互导论,202320241150309000101,1-18周 星期五 11-12节 致腾楼324,1-18周 星期五 13-14节 致腾楼324,"李俊杰"
大学物理实验A,202320241180459000103,1-18周 星期二 3-5节 ,"None"
中国美术通史,202320241120894000201,1-18周 星期四 7-9节 汇德楼B411,"云雪梅"
西班牙语新闻视听说（1）,202320241070199007801,1-18周 星期三 1-2节 汇文楼H3-203,"PILAR LLADA CIENFUEGOS"
小学数学课程标准与教材研究,202320241190199006601,1-18周 星期二 1-2节 汇文楼H2-202,"李鹏"
建筑结构与选型,202320241100046000201,1-18周 星期三 3-5节 致理楼L1-205,"隋莉莉"
数字信号处理,202320241130178000103,1-18周 星期五 7-9节 致理楼L1-211,"陈佳义"
当代新儒学,202320241010061000101,1-18周 星期四 11-12节 汇文楼H3-204,"冯骏豪"
金融工程概论,202320241190260000101,1-18周 星期三 3-5节 致理楼L1-301,"蒋春福"
国际政治经济学,202320241070199024701,1-18周 星期四 11-12节 汇文楼H2-304,"恽文捷"
